language,samples,accuracy
C,712,0.28230337078651685
C++,598,0.29431438127090304
Java,731,0.2982216142270862
JavaScript,1065,0.3154929577464789
Python,1414,0.32390381895332393
