bin,count,avg_confidence,empirical_accuracy
"[0.0,0.1)",0,0.0,0.0
"[0.1,0.2)",0,0.0,0.0
"[0.2,0.3)",3,0.27017046229063163,0.0
"[0.3,0.4)",0,0.0,0.0
"[0.4,0.5)",0,0.0,0.0
"[0.5,0.6)",1,0.5722009793292625,0.0
"[0.6,0.7)",0,0.0,0.0
"[0.7,0.8)",0,0.0,0.0
"[0.8,0.9)",3,0.8797055482078916,1.0
"[0.9,1.0]",61573,0.9998571516412442,0.9418901141734202
