language,samples,accuracy
C,12144,0.94433465085639
C++,12034,0.916819012797075
Java,12091,0.9416921677280622
JavaScript,12130,0.9705688375927453
Python,13181,0.9360443061983158
