language,samples,accuracy
C,712,0.5421348314606742
C++,598,0.5668896321070234
Java,731,0.5294117647058824
JavaScript,1065,0.9755868544600939
Python,1414,0.6562942008486563
