language,samples,accuracy
C,920,0.6413043478260869
C++,802,0.6670822942643392
Java,932,0.6233905579399142
JavaScript,1273,0.9732914375490966
Python,1625,0.6972307692307692
