bin,count,avg_confidence,empirical_accuracy
"[0.0,0.1)",12201,0.0,0.8455044668469798
"[0.1,0.2)",0,0.0,0.0
"[0.2,0.3)",0,0.0,0.0
"[0.3,0.4)",0,0.0,0.0
"[0.4,0.5)",0,0.0,0.0
"[0.5,0.6)",0,0.0,0.0
"[0.6,0.7)",0,0.0,0.0
"[0.7,0.8)",0,0.0,0.0
"[0.8,0.9)",0,0.0,0.0
"[0.9,1.0]",49379,1.0,0.9013750784746553
