language,samples,accuracy
C,12144,0.8983036890645586
C++,12034,0.9030247631710154
Java,12091,0.8986022661483748
JavaScript,12130,0.8504534212695796
Python,13181,0.9003869205674835
